Gemeentecode,Opgenomen,Gemeente,Provinciecode,Provincie,Datum
796,101,'s-Hertogenbosch,30,Noord-Brabant,2020-04-08
1680,1,Aa en Hunze,22,Drenthe,2020-04-08
358,8,Aalsmeer,27,Noord-Holland,2020-04-08
197,1,Aalten,25,Gelderland,2020-04-08
59,0,Achtkarspelen,21,Friesland,2020-04-08
482,7,Alblasserdam,28,Zuid-Holland,2020-04-08
613,6,Albrandswaard,28,Zuid-Holland,2020-04-08
361,37,Alkmaar,27,Noord-Holland,2020-04-08
141,15,Almelo,23,Overijssel,2020-04-08
34,83,Almere,24,Flevoland,2020-04-08
484,43,Alphen aan den Rijn,28,Zuid-Holland,2020-04-08
1723,15,Alphen-Chaam,30,Noord-Brabant,2020-04-08
1959,24,Altena,30,Noord-Brabant,2020-04-08
60,0,Ameland,21,Friesland,2020-04-08
307,42,Amersfoort,26,Utrecht,2020-04-08
362,38,Amstelveen,27,Noord-Holland,2020-04-08
363,340,Amsterdam,27,Noord-Holland,2020-04-08
200,30,Apeldoorn,25,Gelderland,2020-04-08
3,2,Appingedam,20,Groningen,2020-04-08
202,48,Arnhem,25,Gelderland,2020-04-08
106,9,Assen,22,Drenthe,2020-04-08
743,9,Asten,30,Noord-Brabant,2020-04-08
744,1,Baarle-Nassau,30,Noord-Brabant,2020-04-08
308,7,Baarn,26,Utrecht,2020-04-08
489,22,Barendrecht,28,Zuid-Holland,2020-04-08
203,10,Barneveld,25,Gelderland,2020-04-08
888,11,Beek,31,Limburg,2020-04-08
1954,35,Beekdaelen,31,Limburg,2020-04-08
370,4,Beemster,27,Noord-Holland,2020-04-08
889,14,Beesel,31,Limburg,2020-04-08
1945,27,Berg en Dal,25,Gelderland,2020-04-08
1724,9,Bergeijk,30,Noord-Brabant,2020-04-08
893,5,Bergen (L.),31,Limburg,2020-04-08
373,15,Bergen (NH.),27,Noord-Holland,2020-04-08
748,15,Bergen op Zoom,30,Noord-Brabant,2020-04-08
1859,2,Berkelland,25,Gelderland,2020-04-08
1721,75,Bernheze,30,Noord-Brabant,2020-04-08
753,25,Best,30,Noord-Brabant,2020-04-08
209,17,Beuningen,25,Gelderland,2020-04-08
375,10,Beverwijk,27,Noord-Holland,2020-04-08
1728,13,Bladel,30,Noord-Brabant,2020-04-08
376,5,Blaricum,27,Noord-Holland,2020-04-08
377,5,Bloemendaal,27,Noord-Holland,2020-04-08
1901,5,Bodegraven-Reeuwijk,28,Zuid-Holland,2020-04-08
755,28,Boekel,30,Noord-Brabant,2020-04-08
1681,2,Borger-Odoorn,22,Drenthe,2020-04-08
147,13,Borne,23,Overijssel,2020-04-08
654,4,Borsele,29,Zeeland,2020-04-08
756,16,Boxmeer,30,Noord-Brabant,2020-04-08
757,13,Boxtel,30,Noord-Brabant,2020-04-08
758,129,Breda,30,Noord-Brabant,2020-04-08
501,8,Brielle,28,Zuid-Holland,2020-04-08
1876,2,Bronckhorst,25,Gelderland,2020-04-08
213,8,Brummen,25,Gelderland,2020-04-08
899,28,Brunssum,31,Limburg,2020-04-08
312,7,Bunnik,26,Utrecht,2020-04-08
313,3,Bunschoten,26,Utrecht,2020-04-08
214,7,Buren,25,Gelderland,2020-04-08
502,27,Capelle aan den IJssel,28,Zuid-Holland,2020-04-08
383,13,Castricum,27,Noord-Holland,2020-04-08
109,9,Coevorden,22,Drenthe,2020-04-08
1706,48,Cranendonck,30,Noord-Brabant,2020-04-08
1684,9,Cuijk,30,Noord-Brabant,2020-04-08
216,20,Culemborg,25,Gelderland,2020-04-08
148,15,Dalfsen,23,Overijssel,2020-04-08
1891,2,Dantumadiel,21,Friesland,2020-04-08
310,19,De Bilt,26,Utrecht,2020-04-08
1940,12,De Fryske Marren,21,Friesland,2020-04-08
736,23,De Ronde Venen,26,Utrecht,2020-04-08
1690,5,De Wolden,22,Drenthe,2020-04-08
503,31,Delft,28,Zuid-Holland,2020-04-08
10,5,Delfzijl,20,Groningen,2020-04-08
400,8,Den Helder,27,Noord-Holland,2020-04-08
762,46,Deurne,30,Noord-Brabant,2020-04-08
150,32,Deventer,23,Overijssel,2020-04-08
384,4,Diemen,27,Noord-Holland,2020-04-08
1774,16,Dinkelland,23,Overijssel,2020-04-08
221,4,Doesburg,25,Gelderland,2020-04-08
222,8,Doetinchem,25,Gelderland,2020-04-08
766,13,Dongen,30,Noord-Brabant,2020-04-08
505,56,Dordrecht,28,Zuid-Holland,2020-04-08
498,2,Drechterland,27,Noord-Holland,2020-04-08
1719,16,Drimmelen,30,Noord-Brabant,2020-04-08
303,16,Dronten,24,Flevoland,2020-04-08
225,16,Druten,25,Gelderland,2020-04-08
226,9,Duiven,25,Gelderland,2020-04-08
1711,32,Echt-Susteren,31,Limburg,2020-04-08
385,16,Edam-Volendam,27,Noord-Holland,2020-04-08
228,44,Ede,25,Gelderland,2020-04-08
317,1,Eemnes,26,Utrecht,2020-04-08
770,18,Eersel,30,Noord-Brabant,2020-04-08
1903,37,Eijsden-Margraten,31,Limburg,2020-04-08
772,94,Eindhoven,30,Noord-Brabant,2020-04-08
230,8,Elburg,25,Gelderland,2020-04-08
114,13,Emmen,22,Drenthe,2020-04-08
388,16,Enkhuizen,27,Noord-Holland,2020-04-08
153,42,Enschede,23,Overijssel,2020-04-08
232,14,Epe,25,Gelderland,2020-04-08
233,15,Ermelo,25,Gelderland,2020-04-08
777,33,Etten-Leur,30,Noord-Brabant,2020-04-08
779,9,Geertruidenberg,30,Noord-Brabant,2020-04-08
1771,20,Geldrop-Mierlo,30,Noord-Brabant,2020-04-08
1652,62,Gemert-Bakel,30,Noord-Brabant,2020-04-08
907,13,Gennep,31,Limburg,2020-04-08
784,16,Gilze en Rijen,30,Noord-Brabant,2020-04-08
1924,40,Goeree-Overflakkee,28,Zuid-Holland,2020-04-08
664,8,Goes,29,Zeeland,2020-04-08
785,24,Goirle,30,Noord-Brabant,2020-04-08
1942,20,Gooise Meren,27,Noord-Holland,2020-04-08
512,13,Gorinchem,28,Zuid-Holland,2020-04-08
513,26,Gouda,28,Zuid-Holland,2020-04-08
786,16,Grave,30,Noord-Brabant,2020-04-08
14,14,Groningen,20,Groningen,2020-04-08
1729,13,Gulpen-Wittem,31,Limburg,2020-04-08
158,11,Haaksbergen,23,Overijssel,2020-04-08
788,15,Haaren,30,Noord-Brabant,2020-04-08
392,43,Haarlem,27,Noord-Holland,2020-04-08
394,45,Haarlemmermeer,27,Noord-Holland,2020-04-08
1655,9,Halderberge,30,Noord-Brabant,2020-04-08
160,16,Hardenberg,23,Overijssel,2020-04-08
243,11,Harderwijk,25,Gelderland,2020-04-08
523,1,Hardinxveld-Giessendam,28,Zuid-Holland,2020-04-08
72,2,Harlingen,21,Friesland,2020-04-08
244,9,Hattem,25,Gelderland,2020-04-08
396,19,Heemskerk,27,Noord-Holland,2020-04-08
397,8,Heemstede,27,Noord-Holland,2020-04-08
246,23,Heerde,25,Gelderland,2020-04-08
74,10,Heerenveen,21,Friesland,2020-04-08
398,22,Heerhugowaard,27,Noord-Holland,2020-04-08
917,87,Heerlen,31,Limburg,2020-04-08
1658,8,Heeze-Leende,30,Noord-Brabant,2020-04-08
399,8,Heiloo,27,Noord-Holland,2020-04-08
163,7,Hellendoorn,23,Overijssel,2020-04-08
530,11,Hellevoetsluis,28,Zuid-Holland,2020-04-08
794,59,Helmond,30,Noord-Brabant,2020-04-08
531,5,Hendrik-Ido-Ambacht,28,Zuid-Holland,2020-04-08
164,14,Hengelo,23,Overijssel,2020-04-08
1966,7,Het Hogeland,20,Groningen,2020-04-08
252,14,Heumen,25,Gelderland,2020-04-08
797,35,Heusden,30,Noord-Brabant,2020-04-08
534,5,Hillegom,28,Zuid-Holland,2020-04-08
798,6,Hilvarenbeek,30,Noord-Brabant,2020-04-08
402,18,Hilversum,27,Noord-Holland,2020-04-08
1963,58,Hoeksche Waard,28,Zuid-Holland,2020-04-08
1735,13,Hof van Twente,23,Overijssel,2020-04-08
1911,26,Hollands Kroon,27,Noord-Holland,2020-04-08
118,10,Hoogeveen,22,Drenthe,2020-04-08
405,22,Hoorn,27,Noord-Holland,2020-04-08
1507,36,Horst aan de Maas,31,Limburg,2020-04-08
321,17,Houten,26,Utrecht,2020-04-08
406,15,Huizen,27,Noord-Holland,2020-04-08
677,6,Hulst,29,Zeeland,2020-04-08
353,26,IJsselstein,26,Utrecht,2020-04-08
1884,5,Kaag en Braassem,28,Zuid-Holland,2020-04-08
166,46,Kampen,23,Overijssel,2020-04-08
678,1,Kapelle,29,Zeeland,2020-04-08
537,16,Katwijk,28,Zuid-Holland,2020-04-08
928,42,Kerkrade,31,Limburg,2020-04-08
1598,6,Koggenland,27,Noord-Holland,2020-04-08
542,5,Krimpen aan den IJssel,28,Zuid-Holland,2020-04-08
1931,34,Krimpenerwaard,28,Zuid-Holland,2020-04-08
1659,27,Laarbeek,30,Noord-Brabant,2020-04-08
1685,28,Landerd,30,Noord-Brabant,2020-04-08
882,33,Landgraaf,31,Limburg,2020-04-08
415,3,Landsmeer,27,Noord-Holland,2020-04-08
416,15,Langedijk,27,Noord-Holland,2020-04-08
1621,26,Lansingerland,28,Zuid-Holland,2020-04-08
417,8,Laren,27,Noord-Holland,2020-04-08
80,29,Leeuwarden,21,Friesland,2020-04-08
546,27,Leiden,28,Zuid-Holland,2020-04-08
547,8,Leiderdorp,28,Zuid-Holland,2020-04-08
1916,16,Leidschendam-Voorburg,28,Zuid-Holland,2020-04-08
995,34,Lelystad,24,Flevoland,2020-04-08
1640,50,Leudal,31,Limburg,2020-04-08
327,7,Leusden,26,Utrecht,2020-04-08
1705,21,Lingewaard,25,Gelderland,2020-04-08
553,5,Lisse,28,Zuid-Holland,2020-04-08
262,5,Lochem,25,Gelderland,2020-04-08
809,20,Loon op Zand,30,Noord-Brabant,2020-04-08
331,15,Lopik,26,Utrecht,2020-04-08
24,0,Loppersum,20,Groningen,2020-04-08
168,6,Losser,23,Overijssel,2020-04-08
263,14,Maasdriel,25,Gelderland,2020-04-08
1641,21,Maasgouw,31,Limburg,2020-04-08
556,13,Maassluis,28,Zuid-Holland,2020-04-08
935,112,Maastricht,31,Limburg,2020-04-08
420,12,Medemblik,27,Noord-Holland,2020-04-08
938,11,Meerssen,31,Limburg,2020-04-08
1948,155,Meierijstad,30,Noord-Brabant,2020-04-08
119,5,Meppel,22,Drenthe,2020-04-08
687,13,Middelburg,29,Zeeland,2020-04-08
1842,3,Midden-Delfland,28,Zuid-Holland,2020-04-08
1731,6,Midden-Drenthe,22,Drenthe,2020-04-08
1952,4,Midden-Groningen,20,Groningen,2020-04-08
815,7,Mill en Sint Hubert,30,Noord-Brabant,2020-04-08
1709,7,Moerdijk,30,Noord-Brabant,2020-04-08
1978,15,Molenlanden,28,Zuid-Holland,2020-04-08
1955,6,Montferland,25,Gelderland,2020-04-08
335,12,Montfoort,26,Utrecht,2020-04-08
944,4,Mook en Middelaar,31,Limburg,2020-04-08
1740,30,Neder-Betuwe,25,Gelderland,2020-04-08
946,25,Nederweert,31,Limburg,2020-04-08
356,26,Nieuwegein,26,Utrecht,2020-04-08
569,7,Nieuwkoop,28,Zuid-Holland,2020-04-08
267,18,Nijkerk,25,Gelderland,2020-04-08
268,100,Nijmegen,25,Gelderland,2020-04-08
1930,27,Nissewaard,28,Zuid-Holland,2020-04-08
1970,4,Noardeast-Fryslân,21,Friesland,2020-04-08
1695,1,Noord-Beveland,29,Zeeland,2020-04-08
1699,1,Noordenveld,22,Drenthe,2020-04-08
171,8,Noordoostpolder,24,Flevoland,2020-04-08
575,11,Noordwijk,28,Zuid-Holland,2020-04-08
820,12,"Nuenen, Gerwen en Nederwetten",30,Noord-Brabant,2020-04-08
302,24,Nunspeet,25,Gelderland,2020-04-08
579,5,Oegstgeest,28,Zuid-Holland,2020-04-08
823,9,Oirschot,30,Noord-Brabant,2020-04-08
824,14,Oisterwijk,30,Noord-Brabant,2020-04-08
1895,1,Oldambt,20,Groningen,2020-04-08
269,17,Oldebroek,25,Gelderland,2020-04-08
173,13,Oldenzaal,23,Overijssel,2020-04-08
1773,9,Olst-Wijhe,23,Overijssel,2020-04-08
175,7,Ommen,23,Overijssel,2020-04-08
1586,4,Oost Gelre,25,Gelderland,2020-04-08
826,27,Oosterhout,30,Noord-Brabant,2020-04-08
85,1,Ooststellingwerf,21,Friesland,2020-04-08
431,7,Oostzaan,27,Noord-Holland,2020-04-08
432,1,Opmeer,27,Noord-Holland,2020-04-08
86,5,Opsterland,21,Friesland,2020-04-08
828,107,Oss,30,Noord-Brabant,2020-04-08
1509,5,Oude IJsselstreek,25,Gelderland,2020-04-08
437,4,Ouder-Amstel,27,Noord-Holland,2020-04-08
589,20,Oudewater,26,Utrecht,2020-04-08
1734,47,Overbetuwe,25,Gelderland,2020-04-08
590,4,Papendrecht,28,Zuid-Holland,2020-04-08
1894,128,Peel en Maas,31,Limburg,2020-04-08
765,4,Pekela,20,Groningen,2020-04-08
1926,15,Pijnacker-Nootdorp,28,Zuid-Holland,2020-04-08
439,52,Purmerend,27,Noord-Holland,2020-04-08
273,2,Putten,25,Gelderland,2020-04-08
177,20,Raalte,23,Overijssel,2020-04-08
703,4,Reimerswaal,29,Zeeland,2020-04-08
274,12,Renkum,25,Gelderland,2020-04-08
339,3,Renswoude,26,Utrecht,2020-04-08
1667,7,Reusel-De Mierden,30,Noord-Brabant,2020-04-08
275,29,Rheden,25,Gelderland,2020-04-08
340,3,Rhenen,26,Utrecht,2020-04-08
597,27,Ridderkerk,28,Zuid-Holland,2020-04-08
1742,18,Rijssen-Holten,23,Overijssel,2020-04-08
603,16,Rijswijk,28,Zuid-Holland,2020-04-08
1669,22,Roerdalen,31,Limburg,2020-04-08
957,40,Roermond,31,Limburg,2020-04-08
1674,15,Roosendaal,30,Noord-Brabant,2020-04-08
599,230,Rotterdam,28,Zuid-Holland,2020-04-08
277,1,Rozendaal,25,Gelderland,2020-04-08
840,6,Rucphen,30,Noord-Brabant,2020-04-08
518,159,'s-Gravenhage,28,Zuid-Holland,2020-04-08
441,14,Schagen,27,Noord-Holland,2020-04-08
279,2,Scherpenzeel,25,Gelderland,2020-04-08
606,30,Schiedam,28,Zuid-Holland,2020-04-08
88,0,Schiermonnikoog,21,Friesland,2020-04-08
1676,9,Schouwen-Duiveland,29,Zeeland,2020-04-08
965,15,Simpelveld,31,Limburg,2020-04-08
1702,17,Sint Anthonis,30,Noord-Brabant,2020-04-08
845,20,Sint-Michielsgestel,30,Noord-Brabant,2020-04-08
1883,76,Sittard-Geleen,31,Limburg,2020-04-08
610,5,Sliedrecht,28,Zuid-Holland,2020-04-08
1714,6,Sluis,29,Zeeland,2020-04-08
90,6,Smallingerland,21,Friesland,2020-04-08
342,17,Soest,26,Utrecht,2020-04-08
847,20,Someren,30,Noord-Brabant,2020-04-08
848,22,Son en Breugel,30,Noord-Brabant,2020-04-08
37,1,Stadskanaal,20,Groningen,2020-04-08
180,4,Staphorst,23,Overijssel,2020-04-08
532,15,Stede Broec,27,Noord-Holland,2020-04-08
851,9,Steenbergen,30,Noord-Brabant,2020-04-08
1708,10,Steenwijkerland,23,Overijssel,2020-04-08
971,34,Stein,31,Limburg,2020-04-08
1904,25,Stichtse Vecht,26,Utrecht,2020-04-08
1900,14,Súdwest-Fryslân,21,Friesland,2020-04-08
715,16,Terneuzen,29,Zeeland,2020-04-08
93,0,Terschelling,21,Friesland,2020-04-08
448,3,Texel,27,Noord-Holland,2020-04-08
1525,11,Teylingen,28,Zuid-Holland,2020-04-08
716,32,Tholen,29,Zeeland,2020-04-08
281,30,Tiel,25,Gelderland,2020-04-08
855,150,Tilburg,30,Noord-Brabant,2020-04-08
183,10,Tubbergen,23,Overijssel,2020-04-08
1700,8,Twenterand,23,Overijssel,2020-04-08
1730,7,Tynaarlo,22,Drenthe,2020-04-08
737,4,Tytsjerksteradiel,21,Friesland,2020-04-08
856,84,Uden,30,Noord-Brabant,2020-04-08
450,3,Uitgeest,27,Noord-Holland,2020-04-08
451,12,Uithoorn,27,Noord-Holland,2020-04-08
184,18,Urk,24,Flevoland,2020-04-08
344,140,Utrecht,26,Utrecht,2020-04-08
1581,19,Utrechtse Heuvelrug,26,Utrecht,2020-04-08
981,7,Vaals,31,Limburg,2020-04-08
994,13,Valkenburg aan de Geul,31,Limburg,2020-04-08
858,10,Valkenswaard,30,Noord-Brabant,2020-04-08
47,1,Veendam,20,Groningen,2020-04-08
345,22,Veenendaal,26,Utrecht,2020-04-08
717,4,Veere,29,Zeeland,2020-04-08
861,17,Veldhoven,30,Noord-Brabant,2020-04-08
453,21,Velsen,27,Noord-Holland,2020-04-08
983,101,Venlo,31,Limburg,2020-04-08
984,34,Venray,31,Limburg,2020-04-08
1961,20,Vijfheerenlanden,26,Utrecht,2020-04-08
622,23,Vlaardingen,28,Zuid-Holland,2020-04-08
96,0,Vlieland,21,Friesland,2020-04-08
718,8,Vlissingen,29,Zeeland,2020-04-08
986,12,Voerendaal,31,Limburg,2020-04-08
626,8,Voorschoten,28,Zuid-Holland,2020-04-08
285,8,Voorst,25,Gelderland,2020-04-08
865,32,Vught,30,Noord-Brabant,2020-04-08
1949,6,Waadhoeke,21,Friesland,2020-04-08
866,4,Waalre,30,Noord-Brabant,2020-04-08
867,19,Waalwijk,30,Noord-Brabant,2020-04-08
627,9,Waddinxveen,28,Zuid-Holland,2020-04-08
289,10,Wageningen,25,Gelderland,2020-04-08
629,6,Wassenaar,28,Zuid-Holland,2020-04-08
852,11,Waterland,27,Noord-Holland,2020-04-08
988,49,Weert,31,Limburg,2020-04-08
457,8,Weesp,27,Noord-Holland,2020-04-08
1960,27,West Betuwe,25,Gelderland,2020-04-08
668,11,West Maas en Waal,25,Gelderland,2020-04-08
1969,12,Westerkwartier,20,Groningen,2020-04-08
1701,4,Westerveld,22,Drenthe,2020-04-08
293,7,Westervoort,25,Gelderland,2020-04-08
1950,5,Westerwolde,20,Groningen,2020-04-08
1783,38,Westland,28,Zuid-Holland,2020-04-08
98,2,Weststellingwerf,21,Friesland,2020-04-08
614,5,Westvoorne,28,Zuid-Holland,2020-04-08
189,3,Wierden,23,Overijssel,2020-04-08
296,34,Wijchen,25,Gelderland,2020-04-08
1696,6,Wijdemeren,27,Noord-Holland,2020-04-08
352,8,Wijk bij Duurstede,26,Utrecht,2020-04-08
294,2,Winterswijk,25,Gelderland,2020-04-08
873,4,Woensdrecht,30,Noord-Brabant,2020-04-08
632,34,Woerden,26,Utrecht,2020-04-08
880,14,Wormerland,27,Noord-Holland,2020-04-08
351,7,Woudenberg,26,Utrecht,2020-04-08
479,82,Zaanstad,27,Noord-Holland,2020-04-08
297,14,Zaltbommel,25,Gelderland,2020-04-08
473,8,Zandvoort,27,Noord-Holland,2020-04-08
50,6,Zeewolde,24,Flevoland,2020-04-08
355,26,Zeist,26,Utrecht,2020-04-08
299,27,Zevenaar,25,Gelderland,2020-04-08
637,31,Zoetermeer,28,Zuid-Holland,2020-04-08
638,2,Zoeterwoude,28,Zuid-Holland,2020-04-08
1892,16,Zuidplas,28,Zuid-Holland,2020-04-08
879,15,Zundert,30,Noord-Brabant,2020-04-08
301,12,Zutphen,25,Gelderland,2020-04-08
1896,27,Zwartewaterland,23,Overijssel,2020-04-08
642,11,Zwijndrecht,28,Zuid-Holland,2020-04-08
193,41,Zwolle,23,Overijssel,2020-04-08
